﻿<?xml version="1.0" encoding="utf-8" ?>
<Defs>

    <ThingDef ParentName="BuildingNaturalBase">
    <defName>SteamGeyser</defName>
    <label>steam geyser</label>
    <description>A natural source of high-pressure steam. Geothermal generators can harness the steam power. Rooms built over this will rapidly cook.</description>
    <thingClass>Building_SteamGeyser</thingClass>
    <graphicData>
      <texPath>Things/Building/Natural/SteamGeyser</texPath>
      <graphicClass>Graphic_Single</graphicClass>
      <shaderType>Transparent</shaderType>
      <drawSize>(4,4)</drawSize>
    </graphicData>
    <altitudeLayer>Floor</altitudeLayer>
		<rotatable>false</rotatable>
    <useHitPoints>false</useHitPoints>
    <tickerType>Normal</tickerType>
    <selectable>true</selectable>
    <size>(2,2)</size>
    <neverOverlapFloors>true</neverOverlapFloors>
    <blockPlants>true</blockPlants>
    <building>
      <isEdifice>false</isEdifice>
      <claimable>false</claimable>
    </building>
  </ThingDef>


</Defs>